<?xml version="1.0" encoding="UTF-8"?><ROOT action_count="8" action_fail_count="0" action_pass_count="8" action_warning_count="0" anyPlaybackTimes="true" anyRecordedTimes="false" anyResponseTimes="true" anyTimeStamp="true" comment_fail_count="0" comment_pass_count="0" comment_warning_count="0" fail_count="0" iteration_num="1" openscript_version="13.3.0.1.262" page_count="0" pass_count="4" playback_time="42837" response_time="0" result="[1]" result_flag="[1]" script="C:\OracleATS\OFT\openAndCloseBrowser" script_name="openAndCloseBrowser" test_count="4" test_date="3/08/2021 19:13:23 PM IST (UTC +5:30)" time_stamp="03-08 19:13:22" total_fail_count="0" total_pass_count="12" total_test_count="12" total_warning_count="0" warning_count="0"><i18nProperty aborted="Aborted" accessibilityTestingReport="Accessibility Testing Report" collapseAll="Collapse All" dataTime="Date Time" datatable="Datatable" expandAll="Expand All" failed="Failed" failure="Failure" finishSectionName="Finish" htmlSource="Contents" ignored="Ignored" initializeSectionName="Initialize" iterationSectionName="Iteration" iterations="Iterations" less="Less" more="More" name="Name" overallResult="Overall Result" page="Page" passed="Passed" playbackTime="Playback Time (sec)" recordedTime="Recorded Time (sec)" request="Request" responseTime="Response Time (sec)" result="Result" resultversion="OpenScript Version" screenShot="Screen Shot" script="Script" scriptName="Script Name" scriptSummary="Script Summary" scriptTotal="Script Total (sec)" section="Section" similarities="Similarities" summary="Summary" testResultsSummary="Test Results Summary" timeStamp="Time Stamp" toggleScreenShot="Toggle Screen Shot" total="Total" totalActions="Total Script Actions" totalComments="Total Comments" totalFailures="Total Failures" totalPasses="Total Passes" totalSteps="Total Steps" totalTests="Total User-Defined Tests" totalWarnings="Total Warnings" warning="Warning"/><INITIALIZE initializePageName="Initialize Total (sec)" key="3" playback_time="4032" response_time="0" result="[1]" summary="" time_stamp="03-08 19:13:23"><RESULT_STEP is_error_from_children="false" is_warning_from_children="false" key="4" playback_time="3298" response_time="0" result="[1]" step_name="Launch Browser: Chrome 88.0.4324.190" summary="" time_stamp="03-08 19:13:23"/></INITIALIZE><ITERATION iterationTotalPageName="Iteration Total (sec)" key="5" playback_time="38486" response_time="0" result="[1]" summary="" time_stamp="03-08 19:13:27"><RESULT_STEP is_error_from_children="false" is_warning_from_children="false" key="6" playback_time="145" response_time="0" result="[1]" step_name="Navigate https://www.mytoys.de/" summary="" time_stamp="03-08 19:13:27"/><RESULT_STEP is_error_from_children="false" is_warning_from_children="false" key="8" playback_time="22109" response_time="0" result="[1]" screenShotExists="true" screen_shot_file_name="8.jpg" sourceExists="true" step_name="WaitForPage https://www.mytoys.de/" summary="" time_stamp="03-08 19:13:27"/><RESULT_STEP is_error_from_children="false" is_warning_from_children="false" key="9" playback_time="329" response_time="0" result="[1]" step_name="Text Matching Test: myToys Online Shop | Einfach alles für Ihr Kind, myToys Online Shop | Einfach alles für Ihr Kind" summary="" time_stamp="03-08 19:13:50"/><RESULT_STEP is_error_from_children="false" is_warning_from_children="false" key="10" playback_time="340" response_time="0" result="[1]" step_name="Click textBox(&quot;@index='0'&quot;)" summary="" time_stamp="03-08 19:13:51"/><RESULT_STEP is_error_from_children="false" is_warning_from_children="false" key="11" playback_time="148" response_time="0" result="[1]" step_name="SetText textBox(&quot;@index='0'&quot;) trampoline" summary="" time_stamp="03-08 19:13:51"/><RESULT_STEP is_error_from_children="false" is_warning_from_children="false" key="12" playback_time="338" response_time="0" result="[1]" step_name="Click button(&quot;@index='2'&quot;)" summary="" time_stamp="03-08 19:13:51"/><RESULT_STEP is_error_from_children="false" is_warning_from_children="false" key="13" playback_time="2922" response_time="0" result="[1]" step_name="Think: 2.857 (sec)." summary="" time_stamp="03-08 19:13:52"/><RESULT_STEP is_error_from_children="false" is_warning_from_children="false" key="14" playback_time="106" response_time="0" result="[1]" step_name="SelectOptionByText selectBox(&quot;@name='select'&quot;) Höchster Preis" summary="" time_stamp="03-08 19:13:55"/><RESULT_STEP is_error_from_children="false" is_warning_from_children="false" key="15" playback_time="94" response_time="0" result="[1]" step_name="Text Matching Test: Suchergebnis für &quot;trampoline&quot;, Suchergebnis für &quot;trampoline&quot;" summary="" time_stamp="03-08 19:13:57"/><RESULT_STEP is_error_from_children="false" is_warning_from_children="false" key="16" playback_time="1" response_time="0" result="[1]" step_name="Info" summary="Comments: Content:1599" time_stamp="03-08 19:13:59"/><RESULT_STEP is_error_from_children="false" is_warning_from_children="false" key="17" playback_time="0" response_time="0" result="[1]" step_name="Info" summary="Comments: Content:1048.99" time_stamp="03-08 19:13:59"/><RESULT_STEP is_error_from_children="false" is_warning_from_children="false" key="18" playback_time="1" response_time="0" result="[1]" step_name="Info" summary="Comments: Content:1149" time_stamp="03-08 19:13:59"/><RESULT_STEP is_error_from_children="false" is_warning_from_children="false" key="19" playback_time="1" response_time="0" result="[1]" step_name="Info" summary="Comments: Content:1149" time_stamp="03-08 19:13:59"/><RESULT_STEP is_error_from_children="false" is_warning_from_children="false" key="20" playback_time="0" response_time="0" result="[1]" step_name="Info" summary="Comments: Content:1049" time_stamp="03-08 19:14:00"/><RESULT_STEP is_error_from_children="false" is_warning_from_children="false" key="21" playback_time="0" response_time="0" result="[1]" step_name="Info" summary="Comments: Content:1049" time_stamp="03-08 19:14:00"/><RESULT_STEP is_error_from_children="false" is_warning_from_children="false" key="22" playback_time="0" response_time="0" result="[1]" step_name="Info" summary="Comments: Content:948.99" time_stamp="03-08 19:14:00"/><RESULT_STEP is_error_from_children="false" is_warning_from_children="false" key="23" playback_time="1538" response_time="0" result="[1]" step_name="Click element(&quot;@text='948,99 €'&quot;)" summary="" time_stamp="03-08 19:13:59"/><RESULT_STEP is_error_from_children="false" is_warning_from_children="false" key="24" playback_time="2312" response_time="0" result="[1]" step_name="Click button(&quot;@text='In den Warenkorb'&quot;)" summary="" time_stamp="03-08 19:14:00"/><RESULT_STEP is_error_from_children="false" is_warning_from_children="false" key="25" playback_time="74" response_time="0" result="[1]" step_name="Text Matching Test: Der Artikel wurde Ihrem Warenkorb hinzugefügt., Trampolin Etan Premium Gold 12 Combi Deluxe 3,70m" summary="" time_stamp="03-08 19:14:03"/><RESULT_STEP is_error_from_children="false" is_warning_from_children="false" key="26" playback_time="49" response_time="0" result="[1]" step_name="Text Matching Test: true, false" summary="" time_stamp="03-08 19:14:04"/><RESULT_STEP is_error_from_children="false" is_warning_from_children="false" key="27" playback_time="659" response_time="0" result="[1]" step_name="Click button(&quot;@text='Overlay schließen'&quot;)" summary="" time_stamp="03-08 19:14:04"/></ITERATION><FINISH finishPageName="Finish Total (sec)" key="28" playback_time="84" response_time="0" result="[1]" summary="" time_stamp="03-08 19:14:05"/></ROOT>