42837,1,openAndCloseBrowser,3/08/2021 19:14:06 PM,0,Passed,3/08/2021 19:13:23 PM,basic.step,OFT,,,,
"Page",Record ID,Playback Time (sec),Result,"Summary",Type,
"Initialize Total (sec)",,4032,Passed,"",basic.init,
"Launch Browser: Chrome 88.0.4324.190",,3298,Passed,"",basic.step,
"Iteration Total (sec)",,38486,Passed,"",basic.iteration,
"Navigate https://www.mytoys.de/",,145,Passed,"",ft.action,
"WaitForPage https://www.mytoys.de/",,22109,Passed,"",web.pageComplete,
"Text Matching Test: myToys Online Shop | Einfach alles für Ihr Kind, myToys Online Shop | Einfach alles für Ihr Kind",,329,Passed,"",basic.test,
"Click textBox(""@index='0'"")",,340,Passed,"",ft.action,
"SetText textBox(""@index='0'"") trampoline",,148,Passed,"",ft.action,
"Click button(""@index='2'"")",,338,Passed,"",ft.action,
"Think: 2.857 (sec).",,2922,Passed,"",basic.comment,
"SelectOptionByText selectBox(""@name='select'"") Höchster Preis",,106,Passed,"",ft.action,
"Text Matching Test: Suchergebnis für ""trampoline"", Suchergebnis für ""trampoline""",,94,Passed,"",basic.test,
"Info",,1,Passed,"Comments: Content:1599",basic.comment,
"Info",,0,Passed,"Comments: Content:1048.99",basic.comment,
"Info",,1,Passed,"Comments: Content:1149",basic.comment,
"Info",,1,Passed,"Comments: Content:1149",basic.comment,
"Info",,0,Passed,"Comments: Content:1049",basic.comment,
"Info",,0,Passed,"Comments: Content:1049",basic.comment,
"Info",,0,Passed,"Comments: Content:948.99",basic.comment,
"Click element(""@text='948,99 €'"")",,1538,Passed,"",ft.action,
"Click button(""@text='In den Warenkorb'"")",,2312,Passed,"",ft.action,
"Text Matching Test: Der Artikel wurde Ihrem Warenkorb hinzugefügt., Trampolin Etan Premium Gold 12 Combi Deluxe 3,70m",,74,Passed,"",basic.test,
"Text Matching Test: true, false",,49,Passed,"",basic.test,
"Click button(""@text='Overlay schließen'"")",,659,Passed,"",ft.action,
"Finish Total (sec)",,84,Passed,"",basic.finish,
