<?xml version="1.0" encoding="UTF-8"?><Script duration="42837" iterationNum="1" name="openAndCloseBrowser" reportTime="3/08/2021 19:14:06 PM" responseTime="0" result="Passed" testDate="3/08/2021 19:13:23 PM" type="basic.step" workspace="OFT"><i18nProperty duration="Playback Time (sec)" name="Page" recid="Record ID" result="Result" summary="Summary" type="Type"/><Initialize duration="4032" name="Initialize Total (sec)" responseTime="0" result="Passed" summary="" type="basic.init"><Step duration="3298" name="Launch Browser: Chrome 88.0.4324.190" responseTime="0" result="Passed" summary="" type="basic.step"/></Initialize><Run duration="38486" name="Iteration Total (sec)" responseTime="0" result="Passed" summary="" type="basic.iteration"><Step duration="145" name="Navigate https://www.mytoys.de/" responseTime="0" result="Passed" summary="" type="ft.action"/><Step duration="22109" name="WaitForPage https://www.mytoys.de/" responseTime="0" result="Passed" summary="" type="web.pageComplete"/><Step duration="329" name="Text Matching Test: myToys Online Shop | Einfach alles für Ihr Kind, myToys Online Shop | Einfach alles für Ihr Kind" responseTime="0" result="Passed" summary="" type="basic.test"/><Step duration="340" name="Click textBox(&quot;@index='0'&quot;)" responseTime="0" result="Passed" summary="" type="ft.action"/><Step duration="148" name="SetText textBox(&quot;@index='0'&quot;) trampoline" responseTime="0" result="Passed" summary="" type="ft.action"/><Step duration="338" name="Click button(&quot;@index='2'&quot;)" responseTime="0" result="Passed" summary="" type="ft.action"/><Step duration="2922" name="Think: 2.857 (sec)." responseTime="0" result="Passed" summary="" type="basic.comment"/><Step duration="106" name="SelectOptionByText selectBox(&quot;@name='select'&quot;) Höchster Preis" responseTime="0" result="Passed" summary="" type="ft.action"/><Step duration="94" name="Text Matching Test: Suchergebnis für &quot;trampoline&quot;, Suchergebnis für &quot;trampoline&quot;" responseTime="0" result="Passed" summary="" type="basic.test"/><Step duration="1" name="Info" responseTime="0" result="Passed" summary="Comments: Content:1599" type="basic.comment"/><Step duration="0" name="Info" responseTime="0" result="Passed" summary="Comments: Content:1048.99" type="basic.comment"/><Step duration="1" name="Info" responseTime="0" result="Passed" summary="Comments: Content:1149" type="basic.comment"/><Step duration="1" name="Info" responseTime="0" result="Passed" summary="Comments: Content:1149" type="basic.comment"/><Step duration="0" name="Info" responseTime="0" result="Passed" summary="Comments: Content:1049" type="basic.comment"/><Step duration="0" name="Info" responseTime="0" result="Passed" summary="Comments: Content:1049" type="basic.comment"/><Step duration="0" name="Info" responseTime="0" result="Passed" summary="Comments: Content:948.99" type="basic.comment"/><Step duration="1538" name="Click element(&quot;@text='948,99 €'&quot;)" responseTime="0" result="Passed" summary="" type="ft.action"/><Step duration="2312" name="Click button(&quot;@text='In den Warenkorb'&quot;)" responseTime="0" result="Passed" summary="" type="ft.action"/><Step duration="74" name="Text Matching Test: Der Artikel wurde Ihrem Warenkorb hinzugefügt., Trampolin Etan Premium Gold 12 Combi Deluxe 3,70m" responseTime="0" result="Passed" summary="" type="basic.test"/><Step duration="49" name="Text Matching Test: true, false" responseTime="0" result="Passed" summary="" type="basic.test"/><Step duration="659" name="Click button(&quot;@text='Overlay schließen'&quot;)" responseTime="0" result="Passed" summary="" type="ft.action"/></Run><Finish duration="84" name="Finish Total (sec)" responseTime="0" result="Passed" summary="" type="basic.finish"/></Script>